,Hydraulic_Pressure(bar),Coolant_Pressure(bar),Air_System_Pressure(bar),Coolant_Temperature,Hydraulic_Oil_Temperature,Spindle_Bearing_Temperature,Spindle_Vibration,Tool_Vibration,Spindle_Speed(RPM),Voltage(volts),Torque(Nm),Cutting(kN)
count,2500.0,2500.0,2500.0,2500.0,2500.0,2500.0,2500.0,2500.0,2500.0,2500.0,2500.0,2500.0
mean,101.40908377755422,4.947058473517936,6.499274596225131,18.559887459807076,47.61831723027375,35.06369835539511,1.0093342707914825,25.41197509039775,20274.792301523656,348.99679230152367,25.234967730137154,2.7825511432009624
std,30.228637041472098,0.9935584728883073,0.40589174433428565,8.53391597076711,3.7565903975513497,3.759546722290885,0.34214254421645046,6.422958815698689,3848.0322341938654,45.32151813143135,6.112716828928626,0.6158239403773724
min,-14.32645418,0.325,5.063480035,4.1,35.2,22.6,-0.461,2.161,0.0,202.0,0.0,1.8
25%,76.470718575,4.46668500575,6.220266649,10.475,45.1,32.5,0.77875,21.09975,17919.0,319.0,21.7040371,2.25
50%,96.985,4.947058473517936,6.502980775499999,21.1,47.61831723027375,35.1,1.0093342707914825,25.420487545198874,20152.0,349.0,24.67321309,2.78
75%,126.30107115,5.5124820245,6.7793300995,25.6,50.1,37.6,1.23425,29.76625,22489.75,380.0,30.51400825,3.2624999999999997
max,191.0,11.35,7.973991528,98.2,61.4,49.5,2.0,45.726,27957.0,479.0,55.5524,3.93
